modello,phi,gruppo,n_query,ndcg_del_gruppo,ndcg_nostro,differenza,configurazione_diversa,feature_diff,feature_diff_del_gruppo,pdt_depth,pdt_depth_del_gruppo,n_neighbors,n_neighbors_del_gruppo,sdt_depth,sdt_depth_del_gruppo,dist_objective,dist_objective_del_gruppo
Mix-RuleTreeRank,1,0,1,0.9665,0.962,0.0045,True,True,True,2,6,5,3,6,6,dist,dist
Mix-RuleTreeRank,1,1,1,0.9336,0.9148,0.0188,True,True,True,2,2,3,5,6,4,dist,dist
Mix-RuleTreeRank,1,2,1,0.953,0.9424,0.0107,True,True,True,2,6,4,4,6,6,dist,dist
Mix-RuleTreeRank,1,3,1,0.9543,0.9387,0.0156,True,True,True,4,2,4,5,4,8,dist,dist
Mix-RuleTreeRank,1,4,1,0.9781,0.9481,0.0299,True,True,True,6,6,4,4,2,2,dist,y
Mix-RuleTreeRank,1,5,1,0.9904,0.9688,0.0217,True,True,False,6,4,5,3,2,6,dist,dist
Mix-RuleTreeRank,1,6,1,0.9831,0.9785,0.0046,True,False,True,6,2,5,3,6,4,y,dist
Mix-RuleTreeRank,1,7,1,0.9904,0.968,0.0225,True,True,False,4,2,5,5,2,4,dist,dist
Mix-RuleTreeRank,1,8,1,0.9803,0.9537,0.0265,True,True,False,6,4,5,4,4,4,y,dist
Mix-RuleTreeRank,1,9,1,0.9904,0.9591,0.0314,True,True,False,2,4,5,3,4,4,dist,dist
Mix-RuleTreeRank,1,10,1,0.9102,0.9102,0.0,False,True,True,6,6,5,5,4,4,dist,dist
Mix-RuleTreeRank,1,11,1,0.982,0.9541,0.0279,True,True,False,6,2,4,4,4,4,dist,dist
Mix-RuleTreeRank,1,12,1,0.9949,0.9849,0.01,True,True,True,6,4,5,5,4,4,y,dist
Mix-RuleTreeRank,1,13,1,0.9614,0.9507,0.0107,True,False,False,4,2,5,3,4,6,y,dist
Mix-RuleTreeRank,1,14,1,0.9799,0.9601,0.0197,True,False,True,4,2,5,3,6,6,dist,dist
Mix-RuleTreeRank,1,15,1,0.9655,0.9645,0.001,True,True,True,4,4,4,4,4,4,dist,dist
Mix-RuleTreeRank,1,16,1,0.9775,0.9775,0.0,False,True,True,2,2,4,4,6,6,dist,dist
Mix-RuleTreeRank,1,17,1,1.0,1.0,0.0,True,False,True,4,2,3,3,2,4,dist,dist
Mix-RuleTreeRank,1,18,1,0.9934,0.9901,0.0033,True,False,True,6,2,5,3,6,6,dist,dist
Mix-RuleTreeRank,1,19,1,1.0,0.9947,0.0053,True,True,True,6,6,3,3,2,2,dist,dist
Mix-RuleTreeRank,1,20,1,0.9537,0.9464,0.0073,True,True,True,6,4,5,5,4,8,dist,dist
Mix-RuleTreeRank,1,21,1,0.9694,0.9683,0.0012,True,False,False,6,6,4,3,4,4,y,dist
Mix-RuleTreeRank,1,22,1,0.9836,0.98,0.0036,True,True,True,6,6,5,3,6,6,y,dist
Mix-RuleTreeRank,1,23,1,0.9737,0.9442,0.0296,True,True,False,6,6,5,5,2,8,dist,dist
Mix-RuleTreeRank,1,24,1,0.9453,0.9429,0.0024,True,True,True,6,4,5,5,2,4,dist,dist
Mix-RuleTreeRank,1,25,1,1.0,1.0,0.0,True,True,True,2,2,3,3,2,2,dist,dist
Mix-RuleTreeRank,1,26,1,0.9581,0.9414,0.0167,True,True,True,4,6,4,3,4,4,dist,dist
Mix-RuleTreeRank,1,27,1,1.0,0.9872,0.0128,True,False,True,2,2,3,3,4,2,dist,y
Mix-RuleTreeRank,1,28,1,0.9705,0.958,0.0126,True,False,True,4,2,4,4,2,2,y,y
Mix-RuleTreeRank,1,29,1,0.9227,0.9227,0.0,False,False,False,4,4,5,5,2,2,dist,dist
Mix-RuleTreeRank,1,30,1,1.0,0.9851,0.0149,True,True,True,6,4,4,3,2,4,dist,dist
Mix-RuleTreeRank,1,31,1,0.9453,0.9453,0.0,False,True,True,2,2,4,4,4,4,dist,dist
Mix-RuleTreeRank,1,32,1,0.9475,0.9306,0.0168,True,False,True,2,2,5,3,8,8,dist,y
Mix-RuleTreeRank,1,33,1,0.964,0.964,0.0,False,False,False,6,6,5,5,4,4,dist,dist
Mix-RuleTreeRank,1,34,1,0.9881,0.9712,0.0169,True,False,True,2,6,5,4,2,2,y,dist
Mix-RuleTreeRank,1,35,1,0.9804,0.9777,0.0026,True,True,True,4,2,5,5,6,6,dist,dist
Mix-RuleTreeRank,1,36,1,0.9306,0.917,0.0136,True,False,False,6,6,4,4,4,4,y,y
Mix-RuleTreeRank,1,37,1,1.0,1.0,0.0,True,True,True,2,2,3,3,2,2,y,y
Mix-RuleTreeRank,1,38,1,0.9561,0.9457,0.0104,True,False,True,6,2,5,5,8,6,dist,y
Mix-RuleTreeRank,1,39,1,0.9904,0.9623,0.0281,True,True,True,4,6,5,3,2,4,dist,dist
Mix-RuleTreeRank,1,40,1,1.0,1.0,0.0,True,True,True,2,2,5,3,2,2,dist,dist
Mix-RuleTreeRank,1,41,1,1.0,1.0,0.0,True,True,True,6,2,3,3,2,2,dist,y
Mix-RuleTreeRank,1,42,1,0.9852,0.9727,0.0124,True,True,True,2,2,4,3,2,2,dist,dist
Mix-RuleTreeRank,1,43,1,1.0,1.0,0.0,True,True,True,2,2,4,3,2,2,dist,dist
Mix-RuleTreeRank,1,44,1,0.9919,0.9552,0.0367,True,True,True,4,4,5,4,4,4,dist,y
Mix-RuleTreeRank,1,45,1,0.9942,0.989,0.0052,True,True,True,2,2,4,3,8,8,y,y
Mix-RuleTreeRank,1,46,1,1.0,0.9727,0.0273,True,True,False,2,2,3,3,2,4,y,dist
Mix-RuleTreeRank,1,47,1,0.9711,0.9711,0.0,False,True,True,6,6,5,5,4,4,dist,dist
Mix-RuleTreeRank,1,48,1,0.9841,0.9677,0.0164,True,True,False,6,6,4,3,2,2,dist,dist
Mix-RuleTreeRank,1,49,1,0.9553,0.9394,0.0159,True,True,False,6,6,5,3,4,6,dist,dist
Mix-RuleTreeRank,1,50,1,1.0,0.9897,0.0103,True,True,True,6,4,3,4,6,6,y,dist
Mix-RuleTreeRank,1,51,1,0.9854,0.9854,0.0,False,True,True,4,4,4,4,2,2,y,y
Mix-RuleTreeRank,1,52,1,0.9857,0.9821,0.0036,True,False,True,4,6,5,4,2,2,y,y
Mix-RuleTreeRank,1,53,1,0.9521,0.9521,0.0,False,False,False,6,6,5,5,4,4,dist,dist
Mix-RuleTreeRank,1,54,1,0.9836,0.9561,0.0275,True,False,True,2,2,5,4,4,2,dist,dist
Mix-RuleTreeRank,1,55,1,1.0,0.9885,0.0115,True,True,True,4,2,4,5,2,2,y,dist
Mix-RuleTreeRank,1,56,1,0.9716,0.9615,0.0101,True,True,True,6,6,4,3,4,4,dist,dist
Mix-RuleTreeRank,1,57,1,0.9881,0.9831,0.005,True,True,True,2,4,5,4,4,4,dist,dist
Mix-RuleTreeRank,1,58,1,0.9939,0.9704,0.0235,True,True,True,2,4,4,4,2,2,y,dist
Mix-RuleTreeRank,1,59,1,0.9904,0.9904,0.0,False,True,True,6,6,3,3,4,4,dist,dist
Mix-RuleTreeRank,1,60,1,1.0,0.9904,0.0096,True,True,True,6,6,5,5,2,2,dist,dist
Mix-RuleTreeRank,1,61,1,0.9856,0.9712,0.0144,True,True,False,2,4,3,4,2,4,y,dist
Mix-RuleTreeRank,1,62,1,1.0,0.9854,0.0146,True,False,False,4,6,5,5,4,4,dist,dist
Mix-RuleTreeRank,1,63,1,0.9649,0.9499,0.0149,True,True,True,6,6,5,4,4,2,dist,y
Mix-RuleTreeRank,1,64,1,0.9499,0.9387,0.0112,True,False,True,4,2,3,4,6,4,dist,dist
Mix-RuleTreeRank,1,65,1,0.9877,0.9675,0.0202,True,False,True,2,2,4,5,4,4,y,y
Mix-RuleTreeRank,1,66,1,0.9137,0.9137,0.0,False,False,False,4,4,5,5,6,6,y,y
Mix-RuleTreeRank,1,67,1,0.9289,0.9198,0.0091,True,True,True,4,6,5,5,4,8,y,y
Mix-RuleTreeRank,1,68,1,0.99,0.9848,0.0051,True,False,False,6,2,4,5,4,4,dist,y
Mix-RuleTreeRank,1,69,1,0.9856,0.967,0.0187,True,True,False,2,6,5,3,4,2,dist,dist
Mix-RuleTreeRank,1,70,1,0.9755,0.9755,0.0,False,False,False,2,2,3,3,6,6,dist,dist
Mix-RuleTreeRank,1,71,1,0.9705,0.9423,0.0282,True,True,True,2,6,4,4,2,2,dist,dist
Mix-RuleTreeRank,1,72,1,0.9895,0.9792,0.0103,True,True,True,6,6,3,3,4,4,y,y
Mix-RuleTreeRank,1,73,1,0.9805,0.9679,0.0125,True,False,False,2,6,3,4,6,4,dist,y
Mix-RuleTreeRank,1,74,1,0.9635,0.9526,0.011,True,True,False,2,6,5,3,2,4,dist,dist
Mix-RuleTreeRank,1,75,1,0.9721,0.9685,0.0036,True,True,False,6,2,5,5,2,2,dist,dist
Mix-RuleTreeRank,1,76,1,0.9754,0.9727,0.0027,True,False,True,2,2,5,3,2,4,y,dist
Mix-RuleTreeRank,1,77,1,0.9428,0.929,0.0138,True,True,True,4,2,4,3,4,2,dist,dist
Mix-RuleTreeRank,1,78,1,0.9587,0.9105,0.0481,True,False,True,6,4,3,4,4,2,dist,y
Mix-RuleTreeRank,1,79,1,0.9792,0.9718,0.0074,True,True,True,2,4,5,5,2,2,dist,dist
Mix-RuleTreeRank,1,80,1,0.9864,0.9529,0.0336,True,True,False,6,6,5,3,2,2,dist,dist
Mix-RuleTreeRank,1,81,1,0.9787,0.9486,0.0301,True,True,True,4,4,5,3,8,8,y,dist
Mix-RuleTreeRank,1,82,1,0.9787,0.9676,0.011,True,False,False,2,6,4,4,4,2,y,y
Mix-RuleTreeRank,1,83,1,0.9694,0.9543,0.0151,True,True,True,6,6,4,4,2,2,dist,dist
Mix-RuleTreeRank,1,84,1,0.9691,0.9616,0.0075,True,True,True,6,4,5,5,2,6,dist,y
Mix-RuleTreeRank,1,85,1,0.9646,0.9496,0.0149,True,False,False,6,6,5,3,2,2,dist,dist
Mix-RuleTreeRank,1,86,1,0.9724,0.9394,0.033,True,False,True,6,6,3,4,4,8,y,dist
Mix-RuleTreeRank,1,87,1,0.982,0.9641,0.018,True,True,False,6,6,4,4,4,4,dist,dist
Mix-RuleTreeRank,1,88,1,0.9676,0.9676,0.0,False,True,True,6,6,4,4,6,6,dist,dist
Mix-RuleTreeRank,1,89,1,0.9822,0.9588,0.0234,True,False,True,6,2,4,4,4,6,dist,dist
Mix-RuleTreeRank,1,90,1,0.9592,0.9592,0.0,False,True,True,2,2,5,5,4,4,y,y
Mix-RuleTreeRank,1,91,1,0.9923,0.9837,0.0086,True,False,False,6,4,5,4,4,4,dist,dist
Mix-RuleTreeRank,1,92,1,1.0,0.9946,0.0054,True,True,True,2,2,4,3,2,6,y,y
Mix-RuleTreeRank,1,93,1,0.9627,0.9587,0.004,True,False,False,2,4,3,3,4,6,dist,y
Mix-RuleTreeRank,1,94,1,0.9574,0.9493,0.0081,True,True,True,2,4,4,4,4,2,dist,dist
Mix-RuleTreeRank,1,95,1,0.9702,0.9441,0.026,True,True,False,4,6,5,4,2,4,y,dist
Mix-RuleTreeRank,1,96,1,0.9675,0.9629,0.0045,True,True,False,6,2,5,3,2,6,y,y
Mix-RuleTreeRank,1,97,1,0.9935,0.9935,0.0,True,True,True,2,2,3,3,4,6,y,dist
Mix-RuleTreeRank,1,98,1,0.9924,0.9796,0.0128,True,True,False,6,4,4,5,2,8,dist,dist
Mix-RuleTreeRank,1,99,1,0.9763,0.9638,0.0125,True,True,True,6,6,5,4,4,4,dist,dist
Mix-RuleTreeRank,2,0,2,0.9804,0.9685,0.0118,True,True,True,2,2,4,3,4,4,y,y
Mix-RuleTreeRank,2,1,2,0.9652,0.9651,0.0001,True,True,False,2,2,4,5,6,8,dist,y
Mix-RuleTreeRank,2,2,2,0.9769,0.9693,0.0076,True,False,True,2,6,5,4,6,4,dist,dist
Mix-RuleTreeRank,2,3,2,0.9613,0.9465,0.0148,True,False,True,4,2,4,5,6,6,dist,dist
Mix-RuleTreeRank,2,4,2,0.981,0.9646,0.0164,True,True,True,6,4,4,3,6,6,y,dist
Mix-RuleTreeRank,2,5,2,0.9775,0.9763,0.0012,True,True,True,2,2,3,3,6,6,y,dist
Mix-RuleTreeRank,2,6,2,0.9708,0.9688,0.002,True,False,True,6,6,4,4,4,4,y,dist
Mix-RuleTreeRank,2,7,2,0.9817,0.9732,0.0085,True,False,False,6,6,5,4,4,8,dist,dist
Mix-RuleTreeRank,2,8,2,0.9378,0.9159,0.0219,True,True,True,6,2,5,3,4,4,dist,y
Mix-RuleTreeRank,2,9,2,0.9902,0.9572,0.033,True,False,False,2,6,5,5,4,6,dist,dist
Mix-RuleTreeRank,2,10,2,0.989,0.9867,0.0024,True,False,True,4,4,4,4,4,6,dist,dist
Mix-RuleTreeRank,2,11,2,0.9558,0.9367,0.0191,True,True,True,6,2,5,3,6,6,y,y
Mix-RuleTreeRank,2,12,2,0.9867,0.9834,0.0033,True,True,True,6,2,5,4,6,6,dist,dist
Mix-RuleTreeRank,2,13,2,0.9643,0.9557,0.0086,True,False,True,6,6,5,3,6,4,y,y
Mix-RuleTreeRank,2,14,2,0.9812,0.9812,0.0,False,False,False,6,6,5,5,6,6,dist,dist
Mix-RuleTreeRank,2,15,2,0.9846,0.9762,0.0084,True,True,True,4,4,3,3,6,6,dist,y
Mix-RuleTreeRank,2,16,2,0.9642,0.9619,0.0022,True,True,True,6,6,5,3,4,4,dist,dist
Mix-RuleTreeRank,2,17,2,0.9594,0.9422,0.0172,True,True,True,2,2,4,4,4,4,dist,dist
Mix-RuleTreeRank,2,18,2,0.9524,0.9416,0.0108,True,True,True,4,6,4,4,4,6,dist,dist
Mix-RuleTreeRank,2,19,2,1.0,0.9947,0.0053,True,True,True,2,4,3,5,6,6,dist,dist
Mix-RuleTreeRank,2,20,2,0.9592,0.9561,0.0031,True,False,True,6,6,3,5,4,4,dist,dist
Mix-RuleTreeRank,2,21,2,0.9856,0.9856,0.0,False,True,True,2,2,5,5,4,4,dist,dist
Mix-RuleTreeRank,2,22,2,0.9675,0.9505,0.0171,True,True,True,4,6,5,5,6,4,dist,dist
Mix-RuleTreeRank,2,23,2,0.9383,0.938,0.0002,True,True,True,6,6,4,4,4,4,dist,dist
Mix-RuleTreeRank,2,24,2,0.9666,0.9573,0.0093,True,True,False,6,4,4,3,4,6,dist,dist
Mix-RuleTreeRank,2,25,2,0.9776,0.9696,0.008,True,True,True,6,4,5,4,4,4,dist,y
Mix-RuleTreeRank,2,26,2,0.9883,0.977,0.0113,True,False,True,2,6,4,4,4,4,dist,dist
Mix-RuleTreeRank,2,27,2,0.9697,0.9566,0.0131,True,True,False,2,2,4,3,6,6,y,y
Mix-RuleTreeRank,2,28,2,0.9689,0.9661,0.0028,True,True,True,6,6,3,3,4,4,dist,dist
Mix-RuleTreeRank,2,29,2,1.0,0.9864,0.0136,True,True,True,2,6,5,4,2,2,y,dist
Mix-RuleTreeRank,2,30,2,0.9676,0.9563,0.0112,True,True,True,2,6,3,3,6,4,dist,dist
Mix-RuleTreeRank,2,31,2,1.0,0.994,0.006,True,True,True,2,2,4,3,2,2,dist,dist
Mix-RuleTreeRank,2,32,2,0.9636,0.9617,0.0019,True,False,True,2,4,5,3,6,6,dist,dist
Mix-RuleTreeRank,2,33,2,0.9966,0.9874,0.0092,True,False,True,4,6,4,3,4,4,y,y
Mix-RuleTreeRank,2,34,2,0.9709,0.9603,0.0107,True,True,True,6,4,5,3,2,2,dist,dist
Mix-RuleTreeRank,2,35,2,0.9938,0.9695,0.0243,True,False,False,6,4,4,4,6,4,dist,dist
Mix-RuleTreeRank,2,36,2,0.9677,0.9649,0.0029,True,False,False,2,2,5,5,2,4,y,dist
Mix-RuleTreeRank,2,37,2,0.9538,0.9538,0.0,False,False,False,2,2,5,5,6,6,dist,dist
Mix-RuleTreeRank,2,38,2,0.9893,0.9819,0.0073,True,False,True,6,6,5,3,4,4,dist,dist
Mix-RuleTreeRank,2,39,2,0.9812,0.9705,0.0107,True,True,False,2,4,5,4,2,6,dist,dist
Mix-RuleTreeRank,2,40,2,0.9423,0.9365,0.0058,True,False,False,6,4,5,4,6,8,dist,dist
Mix-RuleTreeRank,2,41,2,0.9618,0.9398,0.022,True,True,False,4,4,4,5,2,4,dist,dist
Mix-RuleTreeRank,2,42,2,0.9861,0.9687,0.0174,True,False,False,2,6,5,4,4,2,y,y
Mix-RuleTreeRank,2,43,2,0.9737,0.9735,0.0002,True,True,True,4,2,4,5,6,6,dist,dist
Mix-RuleTreeRank,2,44,2,0.9595,0.9522,0.0073,True,True,True,2,6,4,3,6,4,dist,dist
Mix-RuleTreeRank,2,45,2,0.9584,0.9391,0.0193,True,False,False,6,6,4,3,6,8,dist,y
Mix-RuleTreeRank,2,46,2,0.9693,0.9554,0.0139,True,True,True,2,4,5,4,6,6,y,dist
Mix-RuleTreeRank,2,47,2,0.9875,0.9716,0.0159,True,False,True,4,2,3,5,6,6,y,dist
Mix-RuleTreeRank,2,48,2,0.9866,0.9603,0.0263,True,True,True,6,6,5,5,4,4,dist,dist
Mix-RuleTreeRank,2,49,2,0.9796,0.9579,0.0218,True,False,False,6,6,5,4,4,4,dist,dist
Mix-RuleTreeRank,4,0,4,0.9638,0.9594,0.0044,True,False,False,4,4,4,5,6,6,dist,dist
Mix-RuleTreeRank,4,1,4,0.9634,0.9583,0.0051,True,True,True,6,6,5,3,8,4,dist,dist
Mix-RuleTreeRank,4,2,4,0.9717,0.9489,0.0228,True,True,False,2,2,5,4,6,6,dist,y
Mix-RuleTreeRank,4,3,4,0.9759,0.9672,0.0087,True,True,True,6,6,5,5,6,4,dist,dist
Mix-RuleTreeRank,4,4,4,0.9901,0.9746,0.0155,True,False,True,6,2,5,4,4,6,dist,dist
Mix-RuleTreeRank,4,5,4,0.9554,0.9533,0.0022,True,True,False,2,6,5,5,6,4,dist,y
Mix-RuleTreeRank,4,6,4,0.9831,0.9686,0.0145,True,True,False,6,4,4,3,6,8,dist,dist
Mix-RuleTreeRank,4,7,4,0.9662,0.9628,0.0034,True,False,False,6,4,5,5,6,6,dist,dist
Mix-RuleTreeRank,4,8,4,0.9795,0.9738,0.0057,True,True,True,4,2,3,3,6,6,dist,dist
Mix-RuleTreeRank,4,9,4,0.976,0.9584,0.0177,True,True,True,4,4,4,4,6,6,dist,dist
Mix-RuleTreeRank,4,10,4,0.9626,0.9528,0.0098,True,True,True,4,6,4,3,4,4,dist,dist
Mix-RuleTreeRank,4,11,4,0.9843,0.9708,0.0135,True,True,True,2,6,5,5,6,4,y,y
Mix-RuleTreeRank,4,12,4,0.9785,0.9697,0.0089,True,False,True,6,4,5,4,6,6,dist,dist
Mix-RuleTreeRank,4,13,4,0.9498,0.9457,0.004,True,False,False,4,6,4,5,8,4,y,dist
Mix-RuleTreeRank,4,14,4,0.965,0.9565,0.0085,True,True,True,2,2,5,3,6,8,dist,y
Mix-RuleTreeRank,4,15,4,0.9618,0.9484,0.0134,True,False,True,2,4,4,4,8,8,dist,dist
Mix-RuleTreeRank,4,16,4,0.963,0.9526,0.0104,True,True,True,2,6,5,3,6,4,dist,dist
Mix-RuleTreeRank,4,17,4,0.9944,0.985,0.0093,True,False,True,2,4,5,5,6,4,dist,y
Mix-RuleTreeRank,4,18,4,0.987,0.9671,0.0199,True,False,True,6,4,5,3,6,6,dist,dist
Mix-RuleTreeRank,4,19,4,0.9716,0.961,0.0106,True,False,True,2,6,5,4,4,4,dist,dist
Mix-RuleTreeRank,4,20,4,0.9685,0.9536,0.0148,True,False,True,6,6,4,4,6,8,dist,y
Mix-RuleTreeRank,4,21,4,0.9847,0.9675,0.0173,True,True,True,6,6,4,3,4,4,dist,dist
Mix-RuleTreeRank,4,22,4,0.9781,0.9626,0.0155,True,True,True,2,4,4,3,4,4,dist,dist
Mix-RuleTreeRank,4,23,4,0.9778,0.9716,0.0062,True,True,False,2,6,4,3,6,6,y,dist
Mix-RuleTreeRank,4,24,4,0.9839,0.9641,0.0198,True,False,True,2,2,5,5,4,4,y,y
Mix-RuleTreeRank,6,0,6,0.9694,0.9662,0.0031,True,False,True,4,6,4,4,6,6,dist,dist
Mix-RuleTreeRank,6,1,6,0.9872,0.969,0.0182,True,True,True,2,2,3,4,8,6,y,dist
Mix-RuleTreeRank,6,2,6,0.9607,0.9507,0.01,True,True,False,6,4,5,4,6,8,dist,dist
Mix-RuleTreeRank,6,3,6,0.9818,0.9731,0.0087,True,False,False,2,6,5,4,6,4,y,dist
Mix-RuleTreeRank,6,4,6,0.9759,0.9679,0.008,True,False,True,6,2,5,3,4,6,dist,y
Mix-RuleTreeRank,6,5,6,0.9565,0.9495,0.007,True,True,False,2,2,5,5,6,6,dist,dist
Mix-RuleTreeRank,6,6,6,0.9765,0.9706,0.0059,True,False,False,6,4,5,3,6,6,dist,dist
Mix-RuleTreeRank,6,7,6,0.9686,0.96,0.0087,True,False,True,4,6,5,3,6,4,dist,dist
Mix-RuleTreeRank,6,8,6,0.9878,0.9746,0.0132,True,True,False,4,6,4,3,8,8,dist,dist
Mix-RuleTreeRank,6,9,6,0.9786,0.9617,0.0169,True,False,False,2,2,5,3,8,8,dist,y
Mix-RuleTreeRank,6,10,6,0.9853,0.9787,0.0066,True,False,False,2,6,5,5,6,4,y,y
Mix-RuleTreeRank,6,11,6,0.9742,0.958,0.0162,True,True,False,2,6,4,4,6,6,dist,y
Mix-RuleTreeRank,6,12,6,0.9869,0.9745,0.0124,True,False,True,2,2,5,4,6,6,dist,dist
Mix-RuleTreeRank,6,13,6,0.9763,0.9699,0.0064,True,False,False,2,4,4,3,6,6,dist,dist
Mix-RuleTreeRank,6,14,6,0.9759,0.9597,0.0161,True,False,False,2,4,5,4,6,6,dist,dist
Mix-RuleTreeRank,6,15,6,0.9852,0.9687,0.0165,True,False,True,2,4,5,5,6,6,dist,dist
Mix-RuleTreeRank,6,16,4,0.9722,0.9571,0.0151,True,True,False,2,2,5,5,6,6,dist,dist
Mix-RuleTreeRank,8,0,8,0.9751,0.9679,0.0072,True,False,True,6,6,5,3,6,8,dist,dist
Mix-RuleTreeRank,8,1,8,0.9837,0.9693,0.0144,True,True,True,2,4,4,5,8,8,dist,dist
Mix-RuleTreeRank,8,2,8,0.9605,0.9503,0.0102,True,False,True,4,6,5,5,6,8,dist,dist
Mix-RuleTreeRank,8,3,8,0.9823,0.9746,0.0077,True,True,True,6,6,3,5,6,6,dist,dist
Mix-RuleTreeRank,8,4,8,0.9747,0.9646,0.0101,True,True,False,6,6,5,3,4,6,dist,dist
Mix-RuleTreeRank,8,5,8,0.9689,0.9619,0.007,True,False,True,2,6,5,3,6,6,dist,dist
Mix-RuleTreeRank,8,6,8,0.9776,0.9728,0.0049,True,True,True,4,2,4,4,6,6,dist,dist
Mix-RuleTreeRank,8,7,8,0.9712,0.9692,0.002,True,True,True,6,6,5,4,8,8,dist,dist
Mix-RuleTreeRank,8,8,8,0.9885,0.9761,0.0124,True,False,False,2,4,5,4,6,4,y,y
Mix-RuleTreeRank,8,9,8,0.9727,0.964,0.0087,True,False,False,4,4,5,3,6,6,dist,y
Mix-RuleTreeRank,8,10,8,0.974,0.9693,0.0047,True,False,False,6,6,5,5,6,6,dist,dist
Mix-RuleTreeRank,8,11,8,0.9731,0.9635,0.0096,True,True,True,2,4,5,3,8,8,dist,dist
Mix-RuleTreeRank,8,12,4,0.9737,0.965,0.0087,True,True,False,4,4,5,3,6,6,y,dist
Mix-RuleTreeRank,10,0,10,0.9722,0.9693,0.0029,True,False,True,6,4,4,3,6,6,dist,y
Mix-RuleTreeRank,10,1,10,0.9742,0.9654,0.0088,True,False,True,4,6,5,5,8,6,dist,dist
Mix-RuleTreeRank,10,2,10,0.9621,0.9516,0.0105,True,False,False,6,6,4,3,6,6,dist,dist
Mix-RuleTreeRank,10,3,10,0.984,0.9772,0.0068,True,True,True,4,4,5,3,6,6,dist,y
Mix-RuleTreeRank,10,4,10,0.9839,0.9697,0.0142,True,False,True,4,2,5,3,6,6,dist,dist
Mix-RuleTreeRank,10,5,10,0.9777,0.9697,0.008,True,True,True,4,6,4,3,6,6,dist,dist
Mix-RuleTreeRank,10,6,10,0.9597,0.9588,0.0009,True,True,False,6,6,4,4,6,6,dist,dist
Mix-RuleTreeRank,10,7,10,0.9663,0.9598,0.0065,True,True,False,2,4,5,4,8,6,y,y
Mix-RuleTreeRank,10,8,10,0.9762,0.9741,0.0021,True,True,True,6,4,4,3,8,8,y,dist
Mix-RuleTreeRank,10,9,10,0.9845,0.9788,0.0057,True,False,False,6,6,5,5,6,6,dist,dist
Mix-RuleTreeRank,50,0,50,0.9752,0.9694,0.0058,True,True,True,6,6,5,4,6,6,dist,dist
Mix-RuleTreeRank,50,1,50,0.977,0.9714,0.0056,True,False,False,6,4,5,4,8,6,dist,y
Mix-RuleTreeRank,100,0,100,0.977,0.97,0.007,True,False,True,6,6,5,5,8,6,dist,dist
RuleTreeRank,1,0,1,0.9665,0.9616,0.0049,True,True,True,2,6,4,3,6,6,dist,dist
RuleTreeRank,1,1,1,0.9336,0.9132,0.0204,True,True,True,6,2,5,5,4,4,dist,dist
RuleTreeRank,1,2,1,0.9509,0.9418,0.0091,True,False,True,4,4,4,3,6,6,dist,y
RuleTreeRank,1,3,1,0.9516,0.9387,0.0129,True,True,False,4,6,4,4,4,4,dist,dist
RuleTreeRank,1,4,1,0.9591,0.9481,0.011,True,True,True,6,4,5,5,2,4,dist,y
RuleTreeRank,1,5,1,0.9856,0.9688,0.0169,True,True,False,6,6,5,3,2,6,dist,dist
RuleTreeRank,1,6,1,0.9939,0.9785,0.0154,True,True,True,4,6,3,3,6,4,dist,dist
RuleTreeRank,1,7,1,0.9904,0.968,0.0225,True,True,False,4,2,5,5,2,4,dist,dist
RuleTreeRank,1,8,1,0.9723,0.9555,0.0168,True,False,False,4,6,5,3,4,4,dist,dist
RuleTreeRank,1,9,1,0.982,0.9594,0.0225,True,True,True,2,2,5,3,4,4,y,dist
RuleTreeRank,1,10,1,0.9107,0.9102,0.0005,True,True,True,6,6,5,5,4,4,dist,dist
RuleTreeRank,1,11,1,0.982,0.9551,0.0269,True,True,False,6,2,3,5,4,4,dist,dist
RuleTreeRank,1,12,1,0.9949,0.9847,0.0101,True,True,True,4,4,5,5,4,4,y,dist
RuleTreeRank,1,13,1,0.9599,0.9509,0.009,True,False,True,4,4,5,5,4,6,y,y
RuleTreeRank,1,14,1,0.9826,0.9637,0.019,True,True,True,2,2,3,4,6,6,dist,y
RuleTreeRank,1,15,1,0.9655,0.9645,0.001,True,True,True,4,4,4,4,4,4,dist,dist
RuleTreeRank,1,16,1,0.9775,0.9775,0.0,False,True,True,4,4,5,5,6,6,dist,dist
RuleTreeRank,1,17,1,1.0,1.0,0.0,True,False,True,4,2,3,5,2,4,dist,dist
RuleTreeRank,1,18,1,0.9949,0.9891,0.0058,True,False,False,6,4,5,3,6,6,dist,dist
RuleTreeRank,1,19,1,1.0,0.9947,0.0053,True,True,True,6,6,3,3,2,2,dist,dist
RuleTreeRank,1,20,1,0.9537,0.9465,0.0072,True,True,True,6,4,5,5,4,8,dist,dist
RuleTreeRank,1,21,1,0.9694,0.9683,0.0012,True,True,False,4,6,4,3,4,4,y,dist
RuleTreeRank,1,22,1,0.9836,0.98,0.0036,True,False,True,4,4,5,3,6,6,y,dist
RuleTreeRank,1,23,1,0.9804,0.9442,0.0362,True,True,False,6,6,5,3,2,8,dist,dist
RuleTreeRank,1,24,1,0.9453,0.9444,0.0009,True,False,True,6,4,5,5,4,4,dist,dist
RuleTreeRank,1,25,1,1.0,1.0,0.0,True,True,True,2,2,3,3,2,2,dist,dist
RuleTreeRank,1,26,1,0.9536,0.9414,0.0122,True,True,True,4,4,4,3,4,4,dist,dist
RuleTreeRank,1,27,1,1.0,1.0,0.0,True,True,True,2,2,3,5,2,6,y,y
RuleTreeRank,1,28,1,0.9705,0.958,0.0126,True,False,True,4,2,5,3,2,2,y,y
RuleTreeRank,1,29,1,0.9162,0.9118,0.0044,True,False,False,4,4,3,5,2,2,dist,dist
RuleTreeRank,1,30,1,1.0,0.9851,0.0149,True,True,True,6,4,4,3,2,4,dist,dist
RuleTreeRank,1,31,1,0.9418,0.9418,0.0,False,True,True,2,2,4,4,4,4,dist,dist
RuleTreeRank,1,32,1,0.9467,0.9301,0.0166,True,True,True,6,2,4,3,8,8,y,y
RuleTreeRank,1,33,1,0.9629,0.9621,0.0008,True,False,False,6,6,5,5,4,4,dist,dist
RuleTreeRank,1,34,1,0.9881,0.9712,0.0169,True,False,True,2,6,5,4,2,2,y,dist
RuleTreeRank,1,35,1,0.9812,0.9758,0.0054,True,False,False,6,4,5,3,6,6,dist,dist
RuleTreeRank,1,36,1,0.9306,0.9247,0.006,True,False,True,6,6,4,4,4,4,y,y
RuleTreeRank,1,37,1,1.0,1.0,0.0,True,True,True,2,2,3,3,2,2,y,y
RuleTreeRank,1,38,1,0.9567,0.9455,0.0111,True,True,False,4,2,5,3,8,6,dist,y
RuleTreeRank,1,39,1,0.9904,0.9623,0.0281,True,True,True,4,6,5,3,2,4,dist,dist
RuleTreeRank,1,40,1,1.0,1.0,0.0,True,True,True,2,2,5,3,2,2,dist,dist
RuleTreeRank,1,41,1,1.0,1.0,0.0,True,True,True,6,2,3,3,2,2,dist,y
RuleTreeRank,1,42,1,0.9852,0.9727,0.0124,True,True,True,2,2,4,3,2,2,dist,dist
RuleTreeRank,1,43,1,1.0,1.0,0.0,True,True,True,2,2,4,3,2,2,dist,dist
RuleTreeRank,1,44,1,0.9919,0.9552,0.0367,True,True,True,4,4,5,4,4,4,dist,y
RuleTreeRank,1,45,1,0.9942,0.989,0.0052,True,True,True,2,6,4,4,8,6,y,y
RuleTreeRank,1,46,1,1.0,0.9727,0.0273,True,True,False,2,2,3,3,2,2,y,dist
RuleTreeRank,1,47,1,0.9711,0.9711,0.0,False,True,True,6,6,5,5,4,4,dist,dist
RuleTreeRank,1,48,1,0.9841,0.9685,0.0157,True,False,False,4,6,4,4,2,2,dist,dist
RuleTreeRank,1,49,1,0.9557,0.9394,0.0163,True,True,True,6,6,5,3,4,6,dist,dist
RuleTreeRank,1,50,1,1.0,0.9897,0.0103,True,True,True,2,4,5,4,6,6,y,dist
RuleTreeRank,1,51,1,0.9854,0.9854,0.0,False,True,True,4,4,4,4,2,2,y,y
RuleTreeRank,1,52,1,0.985,0.9803,0.0048,True,False,True,4,6,5,3,4,2,dist,y
RuleTreeRank,1,53,1,0.9504,0.9468,0.0036,True,False,False,6,6,5,3,4,4,dist,dist
RuleTreeRank,1,54,1,0.9858,0.9434,0.0424,True,False,False,6,6,4,4,4,4,dist,dist
RuleTreeRank,1,55,1,1.0,0.9885,0.0115,True,True,True,4,2,4,5,2,2,y,dist
RuleTreeRank,1,56,1,0.9716,0.9615,0.0101,True,True,True,6,6,4,3,4,4,dist,dist
RuleTreeRank,1,57,1,0.9881,0.9831,0.005,True,True,True,2,4,5,4,4,4,dist,dist
RuleTreeRank,1,58,1,0.9939,0.9704,0.0235,True,True,True,2,4,4,4,2,2,y,dist
RuleTreeRank,1,59,1,0.9904,0.9904,0.0,False,True,True,6,6,4,4,4,4,dist,dist
RuleTreeRank,1,60,1,1.0,0.9904,0.0096,True,True,True,6,6,5,5,2,2,dist,dist
RuleTreeRank,1,61,1,0.9856,0.9712,0.0144,True,True,False,2,4,3,3,2,4,y,dist
RuleTreeRank,1,62,1,1.0,0.9854,0.0146,True,False,False,4,6,5,5,4,4,dist,dist
RuleTreeRank,1,63,1,0.964,0.9577,0.0062,True,True,True,6,6,5,4,4,2,y,y
RuleTreeRank,1,64,1,0.9507,0.9425,0.0082,True,False,True,4,2,4,4,6,4,dist,dist
RuleTreeRank,1,65,1,0.9923,0.9705,0.0218,True,False,True,2,6,4,5,4,4,y,dist
RuleTreeRank,1,66,1,0.9143,0.9143,0.0,False,True,True,4,4,5,5,6,6,y,y
RuleTreeRank,1,67,1,0.9289,0.9241,0.0048,True,True,False,6,2,5,5,4,8,y,y
RuleTreeRank,1,68,1,0.9862,0.9827,0.0035,True,True,False,2,2,4,3,4,4,dist,dist
RuleTreeRank,1,69,1,0.9841,0.967,0.0172,True,True,True,2,2,5,3,4,4,dist,y
RuleTreeRank,1,70,1,0.9743,0.9729,0.0015,True,True,True,4,2,5,3,6,6,dist,dist
RuleTreeRank,1,71,1,0.9705,0.9423,0.0282,True,True,True,2,6,4,4,2,2,dist,dist
RuleTreeRank,1,72,1,0.9895,0.9815,0.008,True,True,True,6,6,3,3,4,4,y,y
RuleTreeRank,1,73,1,0.9805,0.9629,0.0175,True,True,True,6,6,5,4,4,4,dist,y
RuleTreeRank,1,74,1,0.9635,0.9526,0.011,True,True,False,2,6,5,3,2,4,dist,dist
RuleTreeRank,1,75,1,0.9721,0.9685,0.0036,True,True,False,6,2,5,4,2,2,dist,dist
RuleTreeRank,1,76,1,0.9754,0.9702,0.0052,True,True,True,2,2,4,3,6,4,y,dist
RuleTreeRank,1,77,1,0.9428,0.9188,0.0241,True,True,True,4,2,3,3,4,2,dist,dist
RuleTreeRank,1,78,1,0.9587,0.9169,0.0417,True,True,True,2,4,4,4,2,2,y,y
RuleTreeRank,1,79,1,0.9792,0.9718,0.0074,True,True,True,2,4,5,5,2,2,dist,dist
RuleTreeRank,1,80,1,0.9864,0.9529,0.0336,True,True,False,6,6,5,5,2,2,dist,dist
RuleTreeRank,1,81,1,0.9758,0.9486,0.0272,True,True,True,6,4,5,3,8,6,dist,dist
RuleTreeRank,1,82,1,0.9787,0.9676,0.011,True,False,False,2,6,5,4,4,2,y,y
RuleTreeRank,1,83,1,0.9694,0.9543,0.0151,True,True,True,6,6,4,4,2,2,dist,dist
RuleTreeRank,1,84,1,0.9664,0.9616,0.0048,True,True,False,6,6,5,3,2,6,dist,dist
RuleTreeRank,1,85,1,0.9639,0.9551,0.0088,True,False,True,6,2,5,4,2,4,dist,dist
RuleTreeRank,1,86,1,0.9553,0.9391,0.0162,True,False,True,4,6,4,3,2,8,y,dist
RuleTreeRank,1,87,1,0.9806,0.9717,0.0089,True,False,True,6,4,5,5,4,4,dist,dist
RuleTreeRank,1,88,1,0.969,0.969,0.0,False,True,True,4,4,4,4,6,6,dist,dist
RuleTreeRank,1,89,1,0.9822,0.9592,0.023,True,False,True,6,2,5,4,2,6,y,dist
RuleTreeRank,1,90,1,0.9578,0.9321,0.0257,True,False,False,4,6,5,3,2,2,dist,dist
RuleTreeRank,1,91,1,0.9945,0.9838,0.0106,True,False,False,6,4,5,4,4,4,dist,dist
RuleTreeRank,1,92,1,1.0,0.9946,0.0054,True,True,True,4,2,4,3,2,8,y,y
RuleTreeRank,1,93,1,0.9617,0.9616,0.0,True,False,True,6,2,5,4,4,8,dist,y
RuleTreeRank,1,94,1,0.9574,0.9493,0.0081,True,True,True,2,4,4,4,4,2,dist,dist
RuleTreeRank,1,95,1,0.9641,0.9441,0.02,True,True,False,4,6,5,4,2,2,y,dist
RuleTreeRank,1,96,1,0.963,0.9623,0.0007,True,False,False,6,2,4,4,2,6,y,dist
RuleTreeRank,1,97,1,0.9935,0.9935,0.0,True,True,True,2,2,3,3,4,4,dist,dist
RuleTreeRank,1,98,1,0.9906,0.9796,0.0111,True,True,False,6,6,4,5,2,8,dist,dist
RuleTreeRank,1,99,1,0.9763,0.9638,0.0125,True,True,True,6,6,5,4,4,4,dist,dist
RuleTreeRank,2,0,2,0.9783,0.9768,0.0015,True,True,False,4,4,5,3,4,4,y,y
RuleTreeRank,2,1,2,0.9643,0.9643,0.0,False,False,False,4,4,4,4,6,6,dist,dist
RuleTreeRank,2,2,2,0.9757,0.9708,0.0049,True,False,True,2,2,5,5,6,6,dist,dist
RuleTreeRank,2,3,2,0.9631,0.9522,0.0109,True,True,True,6,6,3,3,4,4,dist,dist
RuleTreeRank,2,4,2,0.975,0.9661,0.0089,True,True,True,6,6,5,5,4,4,dist,dist
RuleTreeRank,2,5,2,0.9877,0.9763,0.0114,True,True,True,2,4,3,4,6,8,dist,dist
RuleTreeRank,2,6,2,0.9773,0.9634,0.0139,True,True,True,6,6,5,3,2,2,y,y
RuleTreeRank,2,7,2,0.9793,0.974,0.0054,True,False,False,6,4,5,5,4,2,dist,y
RuleTreeRank,2,8,2,0.9464,0.9377,0.0087,True,True,True,2,2,5,3,4,4,y,y
RuleTreeRank,2,9,2,0.9857,0.9667,0.019,True,True,True,6,6,4,4,2,2,dist,dist
RuleTreeRank,2,10,2,0.9946,0.9858,0.0087,True,False,False,6,6,4,5,2,8,dist,dist
RuleTreeRank,2,11,2,0.9569,0.9482,0.0087,True,False,False,4,2,4,3,6,6,dist,dist
RuleTreeRank,2,12,2,0.9886,0.982,0.0066,True,False,False,6,2,5,5,6,6,dist,dist
RuleTreeRank,2,13,2,0.9731,0.9628,0.0102,True,False,True,4,6,5,5,6,4,y,y
RuleTreeRank,2,14,2,0.9811,0.9796,0.0015,True,True,True,2,4,5,4,6,6,dist,dist
RuleTreeRank,2,15,2,0.9903,0.9778,0.0126,True,True,False,6,6,3,4,4,8,dist,dist
RuleTreeRank,2,16,2,0.9709,0.9639,0.007,True,False,False,2,6,5,5,8,4,y,y
RuleTreeRank,2,17,2,0.9612,0.9611,0.0001,True,True,True,2,6,4,5,4,4,dist,dist
RuleTreeRank,2,18,2,0.9513,0.9437,0.0076,True,False,False,4,4,5,5,6,6,dist,dist
RuleTreeRank,2,19,2,1.0,0.9947,0.0053,True,True,True,2,2,5,3,6,6,y,dist
RuleTreeRank,2,20,2,0.9617,0.9582,0.0035,True,False,False,2,6,5,3,4,2,y,y
RuleTreeRank,2,21,2,0.9973,0.9936,0.0038,True,False,True,6,2,5,3,4,4,dist,dist
RuleTreeRank,2,22,2,0.9711,0.9667,0.0044,True,False,True,6,6,5,5,4,4,dist,dist
RuleTreeRank,2,23,2,0.9493,0.9486,0.0007,True,True,True,6,6,5,5,4,4,dist,dist
RuleTreeRank,2,24,2,0.9666,0.9609,0.0058,True,True,False,6,4,4,5,4,6,dist,dist
RuleTreeRank,2,25,2,0.98,0.9645,0.0155,True,True,True,6,4,5,5,4,4,dist,y
RuleTreeRank,2,26,2,0.9875,0.9813,0.0061,True,True,True,2,2,5,5,2,4,y,dist
RuleTreeRank,2,27,2,0.972,0.9572,0.0148,True,True,True,2,4,5,3,6,6,dist,y
RuleTreeRank,2,28,2,0.9692,0.9632,0.006,True,True,True,6,2,3,3,4,4,dist,dist
RuleTreeRank,2,29,2,1.0,0.9864,0.0136,True,True,True,4,6,5,5,2,2,dist,dist
RuleTreeRank,2,30,2,0.9685,0.9631,0.0054,True,True,False,6,4,4,3,4,6,dist,dist
RuleTreeRank,2,31,2,1.0,0.994,0.006,True,True,True,6,2,3,3,2,2,dist,dist
RuleTreeRank,2,32,2,0.9774,0.9663,0.0111,True,True,True,4,2,5,3,6,8,dist,y
RuleTreeRank,2,33,2,0.9997,0.9865,0.0131,True,True,True,4,6,5,3,6,4,dist,dist
RuleTreeRank,2,34,2,0.9832,0.9606,0.0226,True,False,False,6,2,4,4,2,6,dist,dist
RuleTreeRank,2,35,2,0.9807,0.9768,0.004,True,False,True,6,2,5,3,4,6,dist,dist
RuleTreeRank,2,36,2,0.9649,0.961,0.0038,True,False,True,2,2,5,4,4,2,dist,y
RuleTreeRank,2,37,2,0.9703,0.9586,0.0117,True,False,True,4,4,4,4,6,6,dist,dist
RuleTreeRank,2,38,2,0.9957,0.9957,0.0,False,False,False,6,6,5,5,4,4,dist,dist
RuleTreeRank,2,39,2,0.9804,0.9776,0.0028,True,False,False,4,4,3,5,2,6,dist,dist
RuleTreeRank,2,40,2,0.9383,0.9383,0.0,False,False,False,2,2,5,5,6,6,y,y
RuleTreeRank,2,41,2,0.9645,0.9489,0.0156,True,True,True,4,2,5,5,4,4,dist,y
RuleTreeRank,2,42,2,0.9845,0.9777,0.0068,True,True,True,6,6,5,3,2,4,dist,y
RuleTreeRank,2,43,2,0.9771,0.9706,0.0064,True,False,True,2,6,4,5,6,6,dist,dist
RuleTreeRank,2,44,2,0.9654,0.9539,0.0115,True,True,True,2,6,5,5,6,4,dist,dist
RuleTreeRank,2,45,2,0.9599,0.9456,0.0142,True,False,True,6,4,5,4,6,8,dist,y
RuleTreeRank,2,46,2,0.9882,0.9877,0.0006,True,True,True,2,4,3,4,6,6,dist,dist
RuleTreeRank,2,47,2,0.9741,0.9741,0.0,False,False,False,6,6,5,5,6,6,dist,dist
RuleTreeRank,2,48,2,0.9899,0.9841,0.0059,True,True,True,6,6,5,5,4,4,dist,dist
RuleTreeRank,2,49,2,0.9835,0.9599,0.0236,True,True,True,4,4,5,3,4,4,y,y
RuleTreeRank,4,0,4,0.9669,0.9669,0.0,False,False,False,2,2,3,3,6,6,y,y
RuleTreeRank,4,1,4,0.9809,0.9685,0.0124,True,True,True,6,6,5,5,4,4,dist,dist
RuleTreeRank,4,2,4,0.9816,0.9653,0.0163,True,False,False,6,4,5,5,6,6,dist,y
RuleTreeRank,4,3,4,0.9854,0.9854,0.0,False,False,False,6,6,5,5,4,4,dist,dist
RuleTreeRank,4,4,4,0.9852,0.9852,0.0,False,False,False,6,6,5,5,4,4,dist,dist
RuleTreeRank,4,5,4,0.9651,0.9583,0.0068,True,True,True,2,6,5,3,6,4,dist,dist
RuleTreeRank,4,6,4,0.9846,0.9716,0.013,True,False,True,2,6,5,5,8,4,y,dist
RuleTreeRank,4,7,4,0.9772,0.9671,0.0101,True,True,False,6,2,5,3,6,6,dist,dist
RuleTreeRank,4,8,4,0.981,0.9774,0.0036,True,True,True,4,6,5,3,6,6,dist,y
RuleTreeRank,4,9,4,0.9752,0.9644,0.0107,True,True,True,6,6,3,5,6,4,dist,dist
RuleTreeRank,4,10,4,0.9581,0.9539,0.0042,True,True,True,2,2,5,5,4,4,dist,dist
RuleTreeRank,4,11,4,0.9774,0.9684,0.0091,True,False,True,4,2,5,3,6,4,dist,y
RuleTreeRank,4,12,4,0.9899,0.9738,0.0161,True,True,False,4,2,5,5,6,8,dist,dist
RuleTreeRank,4,13,4,0.9708,0.9708,0.0,False,True,True,6,6,4,4,4,4,dist,dist
RuleTreeRank,4,14,4,0.9596,0.9596,0.0,False,True,True,2,2,3,3,6,6,dist,dist
RuleTreeRank,4,15,4,0.9713,0.968,0.0033,True,False,False,6,6,5,5,6,6,dist,dist
RuleTreeRank,4,16,4,0.964,0.9613,0.0027,True,True,True,6,6,5,5,4,4,dist,dist
RuleTreeRank,4,17,4,0.9936,0.9846,0.009,True,True,True,4,6,4,3,4,4,dist,dist
RuleTreeRank,4,18,4,0.9898,0.9885,0.0013,True,True,True,4,4,5,4,6,6,dist,dist
RuleTreeRank,4,19,4,0.9727,0.9693,0.0034,True,False,True,6,2,5,4,4,2,dist,y
RuleTreeRank,4,20,4,0.977,0.9594,0.0177,True,True,True,4,6,5,5,6,6,dist,dist
RuleTreeRank,4,21,4,0.984,0.9727,0.0113,True,True,True,6,6,3,3,4,4,dist,dist
RuleTreeRank,4,22,4,0.9749,0.9749,0.0,False,False,False,6,6,5,5,4,4,dist,dist
RuleTreeRank,4,23,4,0.9697,0.9689,0.0009,True,False,False,2,4,4,4,6,4,dist,y
RuleTreeRank,4,24,4,0.9842,0.9795,0.0047,True,True,False,4,6,4,4,4,4,dist,y
RuleTreeRank,6,0,6,0.9737,0.9724,0.0013,True,False,True,2,6,5,3,6,6,dist,dist
RuleTreeRank,6,1,6,0.9853,0.9815,0.0038,True,True,True,6,4,5,4,6,6,dist,dist
RuleTreeRank,6,2,6,0.9706,0.9655,0.0051,True,False,False,6,6,5,5,6,6,dist,y
RuleTreeRank,6,3,6,0.9852,0.9826,0.0027,True,False,False,6,6,5,5,4,4,dist,y
RuleTreeRank,6,4,6,0.979,0.9784,0.0007,True,True,True,4,6,5,4,6,4,dist,dist
RuleTreeRank,6,5,6,0.9608,0.9601,0.0007,True,False,False,6,2,5,5,6,6,dist,dist
RuleTreeRank,6,6,6,0.9737,0.9737,0.0,False,False,False,4,4,5,5,6,6,dist,dist
RuleTreeRank,6,7,6,0.9732,0.9732,0.0,False,False,False,2,2,5,5,6,6,dist,dist
RuleTreeRank,6,8,6,0.9892,0.9801,0.0091,True,False,False,4,6,5,5,8,8,dist,dist
RuleTreeRank,6,9,6,0.9784,0.9736,0.0048,True,False,False,2,4,5,5,8,8,dist,dist
RuleTreeRank,6,10,6,0.9813,0.9764,0.005,True,True,False,6,4,5,5,4,6,dist,y
RuleTreeRank,6,11,6,0.971,0.9672,0.0038,True,True,False,4,6,5,5,6,4,dist,y
RuleTreeRank,6,12,6,0.9907,0.9818,0.0089,True,True,True,2,6,5,5,6,6,dist,dist
RuleTreeRank,6,13,6,0.986,0.9781,0.0079,True,True,True,4,6,5,5,8,6,dist,y
RuleTreeRank,6,14,6,0.9751,0.9722,0.0029,True,True,True,2,2,5,3,6,6,dist,dist
RuleTreeRank,6,15,6,0.987,0.987,0.0,False,True,True,4,4,5,5,6,6,dist,dist
RuleTreeRank,6,16,4,0.9695,0.968,0.0015,True,True,True,2,2,5,5,6,6,dist,dist
RuleTreeRank,8,0,8,0.9738,0.9734,0.0004,True,True,True,2,6,4,5,6,6,y,dist
RuleTreeRank,8,1,8,0.981,0.9781,0.003,True,True,True,6,6,4,4,4,4,dist,y
RuleTreeRank,8,2,8,0.9711,0.9676,0.0034,True,True,True,4,6,5,3,6,6,dist,y
RuleTreeRank,8,3,8,0.9898,0.9886,0.0012,True,False,False,6,2,4,3,6,6,dist,y
RuleTreeRank,8,4,8,0.9849,0.9766,0.0083,True,False,False,6,2,4,5,4,4,dist,dist
RuleTreeRank,8,5,8,0.9758,0.9716,0.0042,True,False,True,6,2,5,3,6,6,dist,dist
RuleTreeRank,8,6,8,0.9801,0.9756,0.0045,True,False,True,4,6,5,5,6,6,dist,dist
RuleTreeRank,8,7,8,0.9738,0.972,0.0018,True,False,False,6,6,5,3,6,6,dist,y
RuleTreeRank,8,8,8,0.9854,0.9775,0.0079,True,False,True,6,4,4,4,6,6,dist,y
RuleTreeRank,8,9,8,0.9813,0.9722,0.0092,True,True,True,6,4,5,4,6,4,dist,y
RuleTreeRank,8,10,8,0.9812,0.9771,0.004,True,True,True,4,6,5,4,6,6,dist,dist
RuleTreeRank,8,11,8,0.9832,0.9737,0.0094,True,True,False,2,4,5,3,6,6,dist,y
RuleTreeRank,8,12,4,0.9796,0.973,0.0065,True,True,True,6,2,5,5,6,4,dist,y
RuleTreeRank,10,0,10,0.9777,0.9745,0.0032,True,True,True,4,4,3,4,6,6,y,dist
RuleTreeRank,10,1,10,0.9759,0.9734,0.0025,True,True,True,4,4,5,4,6,6,dist,dist
RuleTreeRank,10,2,10,0.9714,0.9698,0.0015,True,False,True,2,4,5,4,8,6,dist,y
RuleTreeRank,10,3,10,0.9865,0.9865,0.0,False,True,True,6,6,4,4,6,6,dist,dist
RuleTreeRank,10,4,10,0.9836,0.9831,0.0005,True,True,True,4,2,5,5,6,4,dist,y
RuleTreeRank,10,5,10,0.9799,0.9712,0.0088,True,True,False,2,4,5,5,8,6,dist,dist
RuleTreeRank,10,6,10,0.9755,0.9681,0.0074,True,True,True,6,6,5,5,6,6,dist,dist
RuleTreeRank,10,7,10,0.9766,0.9661,0.0105,True,True,False,2,6,5,4,8,4,y,y
RuleTreeRank,10,8,10,0.9802,0.9766,0.0035,True,False,False,6,4,5,5,8,8,dist,dist
RuleTreeRank,10,9,10,0.984,0.9775,0.0065,True,True,True,6,6,5,5,6,6,dist,dist
RuleTreeRank,50,0,50,0.9817,0.981,0.0008,True,True,True,6,6,5,5,6,6,dist,dist
RuleTreeRank,50,1,50,0.9829,0.982,0.0009,True,True,True,6,6,5,4,6,6,dist,y
RuleTreeRank,100,0,100,0.9842,0.9803,0.0038,True,True,True,6,6,5,5,6,6,dist,dist
